{"name":"List and Manage Entity",
 "description":"List and manage entity page based on Bootstrap and AngularJS",
 "image":"ui-for-entity-manage.png",
 "sources":[
   {"name":"ui-for-entity-manage.html", "action":"generate"}
   ],
 "parameters":[
   {"name":"templateType", "required":"true"},
   {"name":"fileName", "required":"true"},
   {"name":"projectName", "required":"true"},
   {"name":"packageName", "required":"true"},
   {"name":"pageTitle", "required":"true"},
   {"name":"tableName", "required":"true"},
   {"name":"columns", "required":"true"},
   {"name":"serviceEndpoint", "required":"true"}
   ]
}
