{"name":"Scheduling Job Calling JavaScript Service",
 "description":"Scheduling a job which call a JavaScript based scripting service",
 "image":"job.png",
 "sources":[
   {"name":"job-js.job", "action":"generate"},
   {"name":"ScriptingServices/javascript-async.js", "action":"copy", "rename":"%s"}
   ],
 "parameters":[
   {"name":"templateType", "required":"true"},
   {"name":"fileNameNoExtension", "required":"true"},
   {"name":"projectName", "required":"true"},
   {"name":"packageName", "required":"true"},
   {"name":"id", "required":"true"},
   {"name":"endpointAddress", "required":"true"}
   ]
}