{
    "name":"Delimiter Separated Values Sample Data",
    "description":"Delimiter separated values for import in a relational table template",
    "image":"dsv.png",
    "sources":[{
        "name":"dsv.dsv",
        "rootFolder":"DataStructures",
        "action":"generate",
        "rename":"%s"
    }],
    "parameters":[{
        "name":"templateType",
        "required":"true"
    }, {
        "name":"fileName",
        "required":"true"
    }, {
        "name":"projectName",
        "required":"true"
    }, {
        "name":"packageName",
        "required":"true"
    }, {
        "name":"rows",
        "required":"true"
    }]
}
