{
    "name":"Append Data to a Table",
    "description":"Append data to an existing relational table only once",
    "image":"dsv.png",
    "sources":[{
        "name":"dsv.append",
        "action":"generate",
        "rootFolder":"DataStructures",
        "rename":"%s"
    }],
    "parameters":[{
        "name":"templateType",
        "required":"true"
    }, {
        "name":"fileName",
        "required":"true"
    }, {
        "name":"projectName",
        "required":"true"
    }, {
        "name":"packageName",
        "required":"true"
    }, {
        "name":"rows",
        "required":"true"
    }]
}