{
    "name":"Database Access (JavaScript)",
    "description":"JavaScript database access service",
    "image":"database-access.png",
    "preview":"database-access-preview.png",
    "sources":[
        {
            "name":"database-access.js",
            "rootFolder":"ScriptingServices",
            "action":"generate",
            "rename":"%s"
        }
    ],
   "parameters":[
       {
           "name":"templateType",
           "required":"true"
       }, {
           "name":"fileName",
           "required":"true"
       }, {
         "name":"projectName",
         "required":"true"
      }, {
          "name":"packageName",
          "required":"true"
      }, {
          "name":"tableName",
          "required":"true"
      }
   ]
}
