{
    "name":"Blank Page",
    "description":"Blank HTML5 page",
    "image":"blank.png",
    "preview":"blank_preview.png",
    "sources":[{
        "name":"blank.html",
        "action":"generate",
        "rootFolder":"WebContent",
        "rename":"%s"
    }],
    "parameters":[{
        "name":"templateType",
        "required":"true"
    }, {
        "name":"fileName",
        "required":"true"
    }, {
        "name":"projectName",
        "required":"true"
    }, {
        "name":"packageName",
        "required":"true"
    }, {
        "name":"pageTitle",
        "required":"true"
    }]
}
