{  
    "name":"Hello World Service (JavaScript)",
    "description":"JavaScript hello world service",
    "image":"javascript-service.png",
    "sources":[
        {
            "name":"javascript-service.js",
            "action":"generate"
        }
    ],
    "parameters":[
        {
            "name":"templateType",
            "required":"true"
      }, {
          "name":"fileName",
          "required":"true"
      }, {
          "name":"projectName",
          "required":"true"
      }, {
          "name":"packageName",
          "required":"true"
      }
    ]
}
