{
    "name":"GUID Generator Library (JavaScript)",
    "description":"JavaScript GUID generator library",
    "image":"guid-generator.png",
    "preview":"guid-generator-preview.png",
    "sources":[
        {
            "name":"guid-generator.js",
            "rootFolder":"ScriptingServices",
            "action":"generate",
            "rename":"%s"
        }
    ],
    "parameters":[
        {
            "name":"templateType",
            "required":"true"
        }, {
            "name":"fileName",
            "required":"true"
        }, {
            "name":"projectName",
            "required":"true"
        }, {
            "name":"packageName",
            "required":"true"
        }
    ]
}
