{"name":"List and Details of Entity",
 "description":"List and details of an entity page based on Bootstrap and AngularJS",
 "image":"ui-for-entity-details.png",
 "sources":[
   {"name":"ui-for-entity-list-and-details.html", "action":"generate"}
   ],
 "parameters":[
   {"name":"templateType", "required":"true"},
   {"name":"fileName", "required":"true"},
   {"name":"projectName", "required":"true"},
   {"name":"packageName", "required":"true"},
   {"name":"pageTitle", "required":"true"},
   {"name":"tableName", "required":"true"},
   {"name":"columns", "required":"true"},
   {"name":"serviceEndpoint", "required":"true"}
   ]
}