{  
    "name":"CRUD Service on Table - Extended (JavaScript)",
    "description":"JavaScript Extended RESTful entity service on a relational database table",
    "image":"database-crud-ext.png",
    "preview":"database-crud-ext-preview.png",
    "sources": [{
        "name":"database-crud.js",
        "action":"generate"
    }, {
        "name":"ScriptingServices/dao/database-crud-dao.js",
        "action":"generate",
        "rename":"%sDao"
    }, {
        "name":"ScriptingServices/utils/database-crud-dao-extension-utils.js",
        "action":"generate",
        "rename":"%sDaoExtensionUtils"
    }, {
        "name":"ScriptingServices/extensions/database-crud-extension.js",
        "action":"generate",
        "rename":"%sExtension"
    }, {
        "name":"ScriptingServices/entity/database-crud.entity",
        "action":"generate",
        "rename":"%s"
    }, {
        "name":"ScriptingServices/swagger/database-crud.swagger",
        "action":"generate",
        "rename":"%s"
    }, {
        "name":"ExtensionDefinitions/extension_points/database-crud-hooks.extensionpoint",
        "action":"generate",
        "rename":"%s_database_crud_hooks"
    }, {
        "name":"ExtensionDefinitions/extensions/database-crud-hooks.extension",
        "action":"generate",
        "rename":"%s_database_crud_hooks"
    }],
    "parameters": [{
        "name":"templateType",
        "required":"true"
    }, {
        "name":"fileName",
        "required":"true"
    }, {
        "name":"projectName",
        "required":"true"
    }, {
        "name":"packageName",
        "required":"true"
    }, {  
        "name":"tableName",
        "required":"true"
    }, {  
        "name":"columns",
        "required":"true"
    }]
}
