{
    "name":"Routing by Parameter",
    "description":"Routing by a parameter from the request",
    "image":"routing.png",
    "sources":[{
        "name":"routing-js.flow",
        "action":"generate",
        "rootFolder":"IntegrationServices",
        "rename":"%s"
    }],
    "parameters":[{
        "name":"templateType",
        "required":"true"
    }, {
        "name":"fileNameNoExtension",
        "required":"true"
    }, {
        "name":"projectName",
        "required":"true"
    }, {
        "name":"packageName",
        "required":"true"
    }, {
        "name":"id",
        "required":"true"
    }, {
        "name":"endpointAddress",
        "required":"true"
    }]
}