{  
   "name":"CRUD Service on Table (JavaScript) with DAOism and aRESTme",
   "description":"JavaScript RESTful entity service on a relational database table with DAOism and aRESTme",
   "image":"database-crud-da.png",
   "preview":"database-crud-preview-da.png",
   "sources":[{  
         "name":"database-crud-da.js",
         "action":"generate",
         "rootFolder": "ScriptingServices",
         "rename": "%s"
      }, {  
         "name":"ScriptingServices/dao/database-crud-dao-da.js",
         "rootFolder": "ScriptingServices",
         "packagePath":"dao",
         "action":"generate",
         "rename":"%sDao"
      }, {  
         "name":"ScriptingServices/entity/database-crud-da.entity",
         "rootFolder": "ScriptingServices",
         "packagePath":"entity",
         "action":"generate",
         "rename":"%s"
      }, {  
         "name":"ScriptingServices/swagger/database-crud-da.swagger",
         "rootFolder": "ScriptingServices",
         "packagePath":"swagger",
         "action":"generate",
         "rename":"%s"
    }],
   "parameters":[{  
         "name":"templateType",
         "required":"true"
      }, {  
         "name":"fileName",
         "required":"true"
      }, {  
         "name":"projectName",
         "required":"true"
      }, {  
         "name":"packageName",
         "required":"true"
      }, {  
         "name":"tableName",
         "required":"true"
      }, {  
         "name":"columns",
         "required":"true"
    }]
}
