{  
   "name": "Tabris.js Hello World",
   "description": "Tabris.js hello world native mobile application",
   "image": "mobile-hello-world.png",
   "sources":[  
      {  
         "name": "app.js",
         "action": "generate"
      }, {  
         "name": "package.json",
         "action": "generate"
      }, {  
         "name": "/node_modules/tabris/package.json",
         "action": "copy"
      }, {  
         "name": "/node_modules/tabris/tabris.min.js",
         "action": "copy"
      }
   ],
   "parameters":[  
      {  
         "name": "name",
         "required": "true"
      }
   ]
}