{  
    "name":"Command Service (Terminal)",
    "description":"Terminal command service - uname for Linux, Mac and Windows",
    "image":"terminal-command.png",
    "sources":[
        {
            "name":"terminal-command.command",
            "action":"generate"
        }
    ],
    "parameters":[
        {
            "name":"templateType",
            "required":"true"
        }, {
            "name":"fileName",
            "required":"true"
        }, {
            "name":"projectName",
            "required":"true"
        }, {
            "name":"packageName",
            "required":"true"
        }
    ]
}