{
    "name":"Scheduling Job Calling JavaScript Service",
    "description":"Scheduling a job which call a JavaScript based scripting service",
    "image":"job.png",
    "sources":[{
        "name":"job-js.job",
        "action":"generate",
        "rootFolder":"IntegrationServices",
        "rename":"%s"
    }, {
        "name":"ScriptingServices/javascript-async.js",
        "action":"copy",
        "rootFolder":"ScriptingServices",
        "rename":"%s"
    }],
    "parameters":[{
        "name":"templateType",
        "required":"true"
    }, {
        "name":"fileNameNoExtension",
        "required":"true"
    }, {
        "name":"projectName",
        "required":"true"
    }, {
        "name":"packageName",
        "required":"true"
    }, {
        "name":"id",
        "required":"true"
    }, {
        "name":"endpointAddress",
        "required":"true"
    }]
}