{
    "name":"List Service on Table or View (JavaScript)",
    "description":"JavaScript read-only entity service on a relational database table or view",
    "image":"database-read.png",
    "sources":[
        {
            "name":"database-read.js",
            "action":"generate"
        }, {
            "name":"ScriptingServices/dao/database-read-dao.js",
            "action":"generate",
            "rename":"%sDao"
        }, {
            "name":"ScriptingServices/entity/database-read.entity",
            "action":"generate",
            "rename":"%s"
        }, {
            "name":"ScriptingServices/swagger/database-read.swagger",
            "action":"generate",
            "rename":"%s"
        }
    ],
    "parameters":[
        {
            "name":"templateType",
            "required":"true"
        }, {
            "name":"fileName",
            "required":"true"
        }, {
            "name":"projectName",
            "required":"true"
        }, {
            "name":"packageName",
            "required":"true"
        }, {
            "name":"tableName",
            "required":"true"
        }, {
            "name":"columns",
            "required":"true"
        }
    ]
}
