{
    "name":"Replace Data for a Table",
    "description":"Clean up and insert static data to a relational table",
    "image":"dsv.png",
    "sources":[{
        "name":"dsv.replace",
        "action":"generate",
        "rootFolder":"DataStructures",
        "rename":"%s"
    }],
    "parameters":[{
        "name":"templateType",
        "required":"true"
    }, {
        "name":"fileName",
        "required":"true"
    }, {
        "name":"projectName",
        "required":"true"
    }, {
        "name":"packageName",
        "required":"true"
    }, {
        "name":"rows",
        "required":"true"
    }]
}
