{
    "name":"Shielding a JavaScript Service",
    "description":"Shielding a JavaScript based scripting service",
    "image":"shielding.png",
    "sources":[{
        "name":"shielding-js.flow",
        "action":"generate",
        "rootFolder":"IntegrationServices",
        "rename":"%s"
    }, {
        "name":"ScriptingServices/javascript-sync.js",
        "action":"copy",
        "rootFolder":"ScriptingServices",
        "rename":"%s"
    }],
    "parameters":[{
        "name":"templateType",
        "required":"true"
    }, {
        "name":"fileNameNoExtension",
        "required":"true"
    }, {
        "name":"projectName",
        "required":"true"
    }, {
        "name":"packageName",
        "required":"true"
    }, {
        "name":"id",
        "required":"true"
    }, {
        "name":"endpointAddress",
        "required":"true"
    }]
}