{
    "name":"Relational Database View",
    "description":"Relational database view template",
    "image":"view.png",
    "sources":[{
        "name":"view.view",
        "rootFolder":"DataStructures",
        "action":"generate",
        "rename":"%s"
    }],
    "parameters":[{
        "name":"templateType",
        "required":"true"
    }, {
        "name":"fileName",
        "required":"true"
    }, {
        "name":"projectName",
        "required":"true"
    }, {
        "name":"packageName",
        "required":"true"
    }, {
        "name":"query",
        "required":"true"
    }]
}
