{  
    "name":"Cockpit Item",
    "description":"Cockpit Item",
    "image":"cockpit-item.png",
    "preview":"cockpit-item-preview.png",
    "sources": [{
        "name":"WebContent/items/index.html",
        "rootFolder":"WebContent",
        "packagePath":"items",
        "action":"generate",
        "rename":"%s"
    }, {
        "name":"ScriptingServices/extensions/item.js",
        "rootFolder":"ScriptingServices",
        "packagePath":"extensions",
        "action":"generate",
        "rename":"%s"
    }, {
        "name":"ExtensionDefinitions/extensions/item.extension",
        "rootFolder":"ExtensionDefinitions",
        "packagePath":"extensions",
        "action":"generate",
        "rename":"cockpit_%s"
    }],
    "parameters": [{
        "name":"templateType",
        "required":"true"
    }, {
        "name":"fileName",
        "required":"true"
    }, {
        "name":"projectName",
        "required":"true"
    }, {
        "name":"packageName",
        "required":"true"
    }, {  
        "name":"tableName",
        "required":"true"
    }, {  
        "name":"columns",
        "required":"true"
    }]
}
