{  
   "name":"CRUD Service on Table - Dependent (JavaScript)",
   "description":"JavaScript RESTful entity service on a relational database table dependent to another table",
   "image":"database-crud-dep.png",
   "preview":"database-crud-dep-preview.png",
   "sources":[{  
         "name":"database-crud.js",
         "rootFolder":"ScriptingServices",
         "action":"generate",
         "rename":"%s"
      }, {  
         "name":"ScriptingServices/dao/database-crud-dao.js",
         "rootFolder":"ScriptingServices",
         "packagePath":"dao",
         "action":"generate",
         "rename":"%sDao"
      }, {  
         "name":"ScriptingServices/entity/database-crud.entity",
         "rootFolder":"ScriptingServices",
         "packagePath":"entity",
         "action":"generate",
         "rename":"%s"
      }, {  
         "name":"ScriptingServices/swagger/database-crud.swagger",
         "rootFolder":"ScriptingServices",
         "packagePath":"swagger",
         "action":"generate",
         "rename":"%s"
    }],
   "parameters":[{  
         "name":"templateType",
         "required":"true"
      }, {  
         "name":"fileName",
         "required":"true"
      }, {  
         "name":"projectName",
         "required":"true"
      }, {  
         "name":"packageName",
         "required":"true"
      }, {  
         "name":"tableName",
         "required":"true"
      }, {  
         "name":"dependentColumn",
         "required":"true"
      }, {  
         "name":"columns",
         "required":"true"
    }]
}
