{  
    "name":"Launchpad",
    "description":"Launchpad application",
    "image":"launchpad.png",
    "preview":"launchpad-preview.png",
    "sources": [{
        "name":"index.html",
        "rootFolder":"WebContent",
        "action":"generate",
        "rename":"%s"
    }, {
        "name":"WebContent/styles/custom.css",
        "rootFolder":"WebContent",
        "packagePath":"styles",
        "action":"copy"
    }, {
        "name":"WebContent/styles/main.css",
        "rootFolder":"WebContent",
        "packagePath":"styles",
        "action":"copy"
    }, {
        "name":"WebContent/templates/home.html",
        "rootFolder":"WebContent",
        "packagePath":"templates",
        "action":"copy"
    }, {
        "name":"WebContent/templates/view.html",
        "rootFolder":"WebContent",
        "packagePath":"templates",
        "action":"copy"
    }, {
        "name":"ExtensionDefinitions/extension_points/launchpad.extensionpoint",
        "rootFolder":"ExtensionDefinitions",
        "packagePath":"extension_points",
        "action":"generate"
    }, {
        "name":"ScriptingServices/api/home.js",
        "rootFolder":"ScriptingServices",
        "packagePath":"api",
        "action":"generate"
    }, {
        "name":"ScriptingServices/api/menu.js",
        "rootFolder":"ScriptingServices",
        "packagePath":"api",
        "action":"generate"
    }, {
        "name":"ScriptingServices/extension/launchpadExtensionUtils.js",
        "rootFolder":"ScriptingServices",
        "packagePath":"extension",
        "action":"generate"
    }, {
        "name":"ScriptingServices/templates/appTemplate.js",
        "rootFolder":"ScriptingServices",
        "packagePath":"templates",
        "action":"generate"
    }, {
        "name":"ScriptingServices/app.js",
        "rootFolder":"ScriptingServices",
        "action":"generate"
    }],
    "parameters": [{
        "name":"templateType",
        "required":"true"
    }, {
        "name":"fileName",
        "required":"true"
    }, {
        "name":"projectName",
        "required":"true"
    }, {
        "name":"packageName",
        "required":"true"
    }, {  
        "name":"tableName",
        "required":"true"
    }, {  
        "name":"columns",
        "required":"true"
    }]
}
