{
	"name": "Message Listener calling JavaScript Service",
 	"description": "Setting-up message listener which call a JavaScript based scripting service, when event occurs",
 	"image": "message-listener.png",
 	"sources": [{
 		"name":"message-listener.listener", 
 		"action":"generate"
 	}, {
 		"name": "ScriptingServices/message_listener_callback.js",
 		"action": "copy"
 	}, {
 		"name": "ScriptingServices/message_listener_trigger.js",
 		"action":"copy"
 	}], 
 	"parameters": [{
 		"name":"name",
   		"required":"true"
   	}]
}