{
    "name":"Query Service (SQL)",
    "description":"SQL sample query service",
    "image":"sql-service.png",
    "sources":[
        {
            "name":"sql-service.sql",
            "action":"generate"
        }
    ],
    "parameters":[
        {
            "name":"templateType",
            "required":"true"
        }, {
            "name":"fileName",
            "required":"true"
        }, {
            "name":"projectName",
            "required":"true"
        }, {
            "name":"packageName",
            "required":"true"
        }
    ]
}