{  
    "name": "Launchpad Item",
    "description": "Launchpad Item",
    "image": "launchpad-item.png",
    "sources": [{
        "name": "WebContent/items/index.html",
        "action": "generate"
    }, {
        "name": "ScriptingServices/extension/item.js",
        "rename": "%s",
        "action": "generate"
    }, {
        "name": "ExtensionDefinitions/extensions/item.extension",
        "rename": "launchpad_%s",
        "action": "generate"
    }],
    "parameters": [{
        "name":"templateType",
        "required":"true"
    }, {
        "name":"fileName",
        "required":"true"
    }, {
        "name":"projectName",
        "required":"true"
    }, {
        "name":"packageName",
        "required":"true"
    }, {  
        "name":"tableName",
        "required":"true"
    }, {  
        "name":"columns",
        "required":"true"
    }]
}
