{"name":"Mobile List and Manage Entities ",
 "description":"List and manage entities based on TabrisJS",
 "image":"ui-for-entity-list.png",
 "sources":[
   {"name":"MobileApplications/app.js", "action":"generate"},
   {"name":"MobileApplications/package.json", "action":"copy"},
   {"name":"MobileApplications/node_modules/polyfill.min.js", "action": "copy"}, 
   {"name":"MobileApplications/node_modules/tabris/package.json", "action": "copy"}, 
   {"name":"MobileApplications/node_modules/tabris/tabris.min.js", "action": "copy"}
   ],
 "parameters":[
   {"name":"templateType", "required":"true"},
   {"name":"fileName", "required":"true"},
   {"name":"projectName", "required":"true"},
   {"name":"packageName", "required":"true"},
   {"name":"pageTitle", "required":"true"},
   {"name":"tableName", "required":"true"},
   {"name":"columns", "required":"true"},
   {"name":"serviceEndpoint", "required":"true"}
   ]
}
