[{
    "name": "Develop",
    "subMenu": [{
        "name": "Web IDE",
        "link": "../index.html"
    }, {
        "name": "Lightweight IDE",
        "link": "#/workspace"
    }, {
        "name": "Desktop IDE",
        "link": "http://download.eclipse.org/dirigible/drops/M20160119-1919/p2/rcp/"
    }]
}, {
    "name": "Discover",
    "subMenu": [{
        "name": "Browse Content",
        "link": "#/content"
    }, {
        "name": "Web",
        "link": "#/web/content"
    }, {
        "name": "Wiki",
        "link": "#/web/wiki"
    }, {
	    "name": "Mobile",
	    "link": "#/mobile"
	}, {
        "name": "JavaScript Services",
        "link": "#/scripting/javascript"
    }, {
        "name": "SQL Services",
        "link": "#/scripting/sql"
    }, {
        "name": "Command Services",
        "link": "#/scripting/command"
    }, {
        "name": "Test Cases",
        "link": "#/scripting/tests"
    }, {
        "name": "Flows",
        "link": "#/integration/flow"
    }, {
        "name": "Jobs",
        "link": "#/integration/job"
    }, {
        "name": "Listeners",
        "link": "#/integration/listener"
    }]
}, {
    "name": "Operate",
    "subMenu": [{
        "name": "Transport Content",
        "link": "#/content/import"
    }, {
        "name": "Clone Instance",
        "link": "#/content/clone"
    }, {
        "name": "Import Project",
        "link": "#/content/project"
    }]
}, {
    "name": "Monitoring",
    "subMenu": [{
        "name": "Configure Locations",
        "link": "#/monitoring/manage"
    }, {
        "name": "Hits Statistics",
        "link": "#/monitoring/hits"
    }, {
        "name": "Response Statistics",
        "link": "#/monitoring/response"
    }, {
        "name": "Memory Statistics",
        "link": "#/monitoring/memory"
    }, {
        "name": "Access Log",
        "link": "#/monitoring/acclog"
    }, {
        "name": "Applications Log",
        "link": "#/monitoring/logging"
    }, {
        "name": "Log Console",
        "link": "#/monitoring/log-console"
    }]
}, {
    "name": "Help",
    "subMenu": [{
        "name": "Help Contents",
        "link": "http://help.dirigible.io"
    }, {
        "name": "Samples",
        "link": "http://samples.dirigible.io"
    }, {
        "name": "Forum",
        "link": "http://forum.dirigible.io"
    }, {
        "name": "Bugzilla",
        "link": "http://bugs.dirigible.io"
    }, {
        "name": "Mailing List",
        "link": "http://mail.dirigible.io"
    }, {
        "name": "About",
        "link": "http://www.dirigible.io"
    }]
}]
