{
    "name":"Tabris.js Hello World",
    "description":"Tabris.js hello world native mobile application",
    "image":"mobile-hello-world.png",
    "sources":[{
        "name":"app.js",
        "action":"generate",
        "rootFolder":"MobileApplications"
    }, {
        "name":"package.json",
        "action":"generate",
        "rootFolder":"MobileApplications"
    }, {
        "name":"/node_modules/tabris/package.json",
        "action":"copy",
        "rootFolder":"MobileApplications",
        "packagePath":"node_modules/tabris"
    }, {
        "name":"/node_modules/tabris/tabris.min.js",
        "action":"copy",
        "rootFolder":"MobileApplications",
        "packagePath":"node_modules/tabris"
    }],
    "parameters":[{
        "name":"name",
        "required":"true"
    }]
}