{
    "swagger": "2.0",
    "info": {
        "version": "0.0.0",
        "title": "${entityName} Entity Service",
        "description":"This is a RESTful web service for listing, viewing and managing entities of the type '${entityName}'"
    },
    "basePath":"/js/${projectName}/${fileName}",
    "tags":[
      {
         "name":"${entityName}",
         "description":"View and manage ${entityName} objects"
      }
    ],
    "schemes":[
       "http"
    ],
    "paths": {
        "/js/${projectName}/${fileName}": {
            "get": {
            	"tags":[
               		"${entityName}"
            	],
                "description": "Gets '${entityName}' objects.\n",
                "parameters": [
                    {
                        "name": "count",
                        "in": "query",
                        "description": "Count of all the records",
                        "required": false,
                        "type": "boolean"
                    },
                    {
                        "name": "${primaryKey.getName().toLowerCase()}",
                        "in": "query",
                        "description": "Identifier of the '${entityName}' object",
                        "required": false,
                        "type": "integer",
                        "format": "int32"
                    },
                    {
                        "name": "metadata",
                        "in": "query",
                        "description": "Metadata of the '${entityName}' object",
                        "required": false,
                        "type": "boolean"
                    },
                    {
                        "name": "limit",
                        "in": "query",
                        "description": "Limit of the objects list",
                        "required": false,
                        "type": "integer",
                        "format": "int32"
                    },
                    {
                        "name": "offset",
                        "in": "query",
                        "description": "Offset of the objects list",
                        "required": false,
                        "type": "integer",
                        "format": "int32"
                    },
                    {
                        "name": "sort",
                        "in": "query",
                        "description": "Sort parameter",
                        "required": false,
                        "type": "string"
                    },
                    {
                        "name": "desc",
                        "in": "query",
                        "description": "Descending order",
                        "required": false,
                        "type": "boolean"
                    }
                ],
                "responses": {
                    "200": {
                        "description": "Successful response",
                        "schema":{
		                     "$ref":"#/definitions/${entityName}"
                        }
                    }
                }
            },
            "post": {
            	"tags":[
               		"${entityName}"
            	],
                "description": "Creates a new '${entityName}' object.\n",
                "consumes":[
	               "application/json"
	            ],
	            "produces":[
	               "plain/text"
	            ],
	            "parameters":[
	               {
	                  "in":"body",
	                  "name":"body",
	                  "description":"${entityName} object that needs to be added",
	                  "required":true,
	                  "schema":{
	                     "$ref":"#/definitions/${entityName}"
	                  }
	               }
	            ],
                "responses": {
                    "200": {
                        "description": "Successful response",
                        "schema":{
		                     "$ref":"#/definitions/${entityName}"
                        }
                    }
                }
            },
            "put": {
            	"tags":[
               		"${entityName}"
            	],
                "description": "Updates an existing '${entityName}' object.\n",
                "consumes":[
	               "application/json"
	            ],
	            "produces":[
	               "plain/text"
	            ],
	            "parameters":[
	               {
	                  "in":"body",
	                  "name":"body",
	                  "description":"${entityName} object that needs to be added",
	                  "required":true,
	                  "schema":{
	                     "$ref":"#/definitions/${entityName}"
	                  }
	               }
	            ],
                "responses": {
                    "200": {
                        "description": "Successful response",
                        "schema":{
		                     "$ref":"#/definitions/${entityName}"
                        }
                    }
                }
            },
            "delete": {
            	"tags":[
               		"${entityName}"
            	],
                "description": "Deletes '${entityName}' objects.\n",
                "parameters": [
                    {
                        "name": "${primaryKey.getName().toLowerCase()}",
                        "in": "query",
                        "description": "Identifier of the '${entityName}' object",
                        "required": true,
                        "type": "integer",
                        "format": "int64"
                    }
                ],
                "responses": {
                    "200": {
                        "description": "Successful response",
                        "schema":{
		                     "$ref":"#/definitions/${entityName}"
                        }
                    }
                }
            }
        }
    },
    "definitions":{
        "${entityName}": {
	        "type":"object",
	        "properties": {
#foreach ($tableColumn in $tableColumns)
#if ($velocityCount > 1)
				,
#end
        		"${tableColumn.getName().toLowerCase()}": {
	            	"type": 
#if ($tableColumn.getType() == $INTEGER)
        "integer"
#elseif ($tableColumn.getType() == $VARCHAR)
        "string"
#elseif ($tableColumn.getType() == $CHAR)
        "string"
#elseif ($tableColumn.getType() == $BIGINT)
        "integer"
#elseif ($tableColumn.getType() == $SMALLINT)
        "integer"
#elseif ($tableColumn.getType() == $FLOAT)
        "number"
#elseif ($tableColumn.getType() == $DOUBLE)
        "number"
#elseif ($tableColumn.getType() == $DATE)
        "number"
#elseif ($tableColumn.getType() == $TIME)
        "number"
#elseif ($tableColumn.getType() == $TIMESTAMP)
        "number"
#elseif ($tableColumn.getType() == $BOOLEAN)
        "boolean"
#else
    // not supported type -> set to string
    	"string" 
#end	            	
	    		}
#end	        
	        }
        }
	}
}
