{
    "name":"Sample Form Page",
    "description":"Sample HTML5 form page ",
    "image":"sample-form.png",
    "preview":"sample-form-preview.png",
    "sources":[{
        "name":"sample-form.html",
        "rootFolder":"WebContent",
        "action":"generate",
        "rename":"%s"
    }],
    "parameters":[{
        "name":"templateType",
        "required":"true"
    }, {
        "name":"fileName",
        "required":"true"
    }, {
        "name":"projectName",
        "required":"true"
    }, {
        "name":"packageName",
        "required":"true"
    }, {
        "name":"pageTitle",
        "required":"true"
    }]
}
