{
    "name":"Markers for Entities",
    "description":"Markers for entities based on Google Maps",
    "image":"ui-for-markers-on-map.png",
    "sources":[{
        "name":"ui-for-markers-on-map-entity.html",
        "rootFolder":"WebContent",
        "action":"generate",
        "rename":"%s"
    }],
    "parameters":[{
        "name":"templateType",
        "required":"true"
    }, {
        "name":"fileName",
        "required":"true"
    }, {
        "name":"projectName",
        "required":"true"
    }, {
        "name":"packageName",
        "required":"true"
    }, {
        "name":"pageTitle",
        "required":"true"
    }, {
        "name":"tableName",
        "required":"true"
    }, {
        "name":"columns",
        "required":"true"
    }, {
        "name":"serviceEndpoint",
        "required":"true"
    }]
}
