{
    "name":"Master-Details - List and Manage Details Entity",
    "description":"Master-Details - Details Entity management on Bootstrap and AngularJS",
    "image":"ui-for-entity-master-details-details.png",
    "sources":[{
        "name":"ui-for-entity-master-details-details.html",
        "rootFolder":"WebContent",
        "action":"generate",
        "rename":"%s"
    }],
    "parameters":[{
        "name":"templateType",
        "required":"true"
    }, {
        "name":"fileName",
        "required":"true"
    }, {
        "name":"projectName",
        "required":"true"
    }, {
        "name":"packageName",
        "required":"true"
    }, {
        "name":"pageTitle",
        "required":"true"
    }, {
        "name":"tableName",
        "required":"true"
    }, {
        "name":"columns",
        "required":"true"
    }, {
        "name":"serviceEndpoint",
        "required":"true"
    }, {
        "name":"dependentColumn",
        "required":"true"
    }]
}
