{"name":"Index Page with Main Menu, Header and Footer",
 "description":"Index page with main menu, header and footer",
 "image":"index-page.png",
 "preview":"index-page-preview.png",
 "sources":[
   {"name":"index.html", "action":"generate"},
   {"name":"main.menu", "action":"copy"},
   {"name":"sample.html", "action":"copy"},
   {"name":"header.html", "action":"generate"},
   {"name":"footer.html", "action":"generate"}
   ],
 "parameters":[
   {"name":"templateType", "required":"true"},
   {"name":"fileName", "required":"true"},
   {"name":"projectName", "required":"true"},
   {"name":"packageName", "required":"true"},
   {"name":"pageTitle", "required":"true"}
   ]
}
