{
    "name":"Index Page with Main Menu, Header and Footer",
    "description":"Index page with main menu, header and footer",
    "image":"index-page.png",
    "preview":"index-page-preview.png",
    "sources":[{
        "name":"index.html",
        "rootFolder":"WebContent",
        "action":"generate",
        "rename":"%s"
    }, {
        "name":"main.menu",
        "rootFolder":"WebContent",
        "action":"copy"
    }, {
        "name":"sample.html",
        "rootFolder":"WebContent",
        "action":"copy"
    }, {
        "name":"header.html",
        "rootFolder":"WebContent",
        "action":"generate"
    }, {
        "name":"footer.html",
        "rootFolder":"WebContent",
        "action":"generate"
    }],
    "parameters":[{
        "name":"templateType",
        "required":"true"
    }, {
        "name":"fileName",
        "required":"true"
    }, {
        "name":"projectName",
        "required":"true"
    }, {
        "name":"packageName",
        "required":"true"
    }, {
        "name":"pageTitle",
        "required":"true"
    }]
}
