{
    "name":"Master-Details - List and Manage Master Entity",
    "description":"Master-Details - Master Entity management on Bootstrap and AngularJS",
    "image":"ui-for-entity-master-details-master.png",
    "sources":[{
        "name":"ui-for-entity-master-details-master.html",
        "rootFolder":"WebContent",
        "action":"generate",
        "rename":"%s"
    }, {
        "name":"no_selection.html",
        "rootFolder":"WebContent",
        "action":"copy"
    }],
    "parameters":[{
        "name":"templateType",
        "required":"true"
    }, {
        "name":"fileName",
        "required":"true"
    }, {
        "name":"projectName",
        "required":"true"
    }, {
        "name":"packageName",
        "required":"true"
    }, {
        "name":"pageTitle",
        "required":"true"
    }, {
        "name":"tableName",
        "required":"true"
    }, {
        "name":"columns",
        "required":"true"
    }, {
        "name":"serviceEndpoint",
        "required":"true"
    }]
}
