{
    "name":"Display Single Entity",
    "description":"Display single entity page based on Bootstrap and AngularJS",
    "image":"ui-for-display-entity.png",
    "sources":[{
        "name":"ui-for-display-single-entity.html",
        "action":"generate",
        "rootFolder":"WebContent",
        "rename":"%s"
    }],
    "parameters":[{
        "name":"templateType",
        "required":"true"
    }, {
        "name":"fileName",
        "required":"true"
    }, {
        "name":"projectName",
        "required":"true"
    }, {
        "name":"packageName",
        "required":"true"
    }, {
        "name":"pageTitle",
        "required":"true"
    }, {
        "name":"tableName",
        "required":"true"
    }, {
        "name":"columns",
        "required":"true"
    }, {
        "name":"serviceEndpoint",
        "required":"true"
    }]
}
